A1,A2,A3,A4,A5,A6,E,xa1,ya1,za1,xa2,ya2,za2,xa3,ya3,za3,xn1,yn1,zn1,xn2,yn2,zn2,xn3,yn3,zn3,dx1,dy1,dz1,err1,dx2,dy2,dz2,err2,dx3,dy3,dz3,err3
25.3,-69.4,90.1,-175,10.6,22.1,0,3569.589398,1667.628123,1664.440723,3280.233382,1689.938493,1807.605333,3468.102856,1923.943257,1495.405198,3569.53514,1667.530478,1664.575065,3280.188765,1689.935199,1807.709686,3468.089557,1923.82185,1495.449879,0.054257908,0.097644956,-0.134341613,0.174717278,0.044616678,0.003293972,-0.1043528,0.113538562,0.013298786,0.121407154,-0.044680754,0.130049701
18.3,-90.9,57.1,-174.1,-68.7,67.3,0,2782.271457,2678.499159,1055.740549,2640.342906,2935.808164,1191.244186,2768.136845,2855.375895,785.391974,2782.429552,2678.873801,1055.891713,2640.515693,2936.218455,1191.335976,2768.2456,2855.676766,785.4870917,-0.158094953,-0.374641583,-0.151164204,0.433821331,-0.17278655,-0.410290711,-0.091790233,0.454553744,-0.108754909,-0.300870679,-0.095117696,0.333763646
16.1,-111.7,96.6,-171.9,-42.7,145.1,0,2655.783241,2264.947318,900.779701,2628.146927,2543.975561,739.256619,2433.990944,2160.060506,690.103921,2655.858398,2265.031841,900.8724461,2628.252831,2544.055454,739.3334984,2434.038356,2160.147721,690.2200085,-0.075156902,-0.084523103,-0.09274509,0.146268133,-0.105904194,-0.079893003,-0.07687945,0.153326579,-0.047411855,-0.08721496,-0.116087466,0.152743684
23.6,-97.2,52.8,-170.8,-71.2,82.5,0,2405.549622,3060.262328,1273.082976,2262.40702,3344.749822,1330.361986,2389.89242,3152.919729,963.65614,2405.628443,3060.496241,1273.170121,2262.473904,3345.000009,1330.40193,2389.934169,3153.115621,963.7280969,-0.078820647,-0.233912535,-0.087144619,0.261766983,-0.06688442,-0.250187224,-0.039943721,0.262035634,-0.04174871,-0.195891525,-0.071956928,0.212824444
25.3,-66.9,96,-170.6,23.1,100.8,0,3576.143678,1517.901607,1596.276873,3394.299842,1784.807931,1576.171887,3465.213257,1460.642015,1297.949388,3576.13899,1517.827856,1596.307358,3394.31618,1784.747966,1576.165696,3465.192972,1460.531067,1297.999854,0.004688263,0.073750752,-0.03048482,0.079940462,-0.0163379,0.059965294,0.00619092,0.062458714,0.020284824,0.110948105,-0.050465509,0.12356263
21.1,-68,55.5,-168.8,-34.8,60.8,0,3599.966282,2309.149017,1549.969015,3400.263267,2541.942609,1653.095165,3568.167854,2455.589579,1263.400737,3600.028657,2309.267186,1550.048782,3400.349648,2542.091733,1653.161729,3568.2295,2455.680692,1263.463428,-0.062374555,-0.118168966,-0.07976709,0.155619017,-0.086381419,-0.149124336,-0.066564047,0.184744661,-0.061646264,-0.091112668,-0.062691243,0.126617424
14.1,-104.1,39.1,-168.5,-88.8,152.4,0,1957.123919,3405.037037,768.211406,1927.492584,3668.716932,583.002532,1749.967838,3274.611161,556.900999,1957.172872,3405.110442,768.1797268,1927.482255,3668.742643,582.9028342,1750.015613,3274.602194,556.9152016,-0.048952684,-0.073405293,0.031679163,0.093745783,0.010328613,-0.025711083,0.09969775,0.103476478,-0.047775114,0.008966739,-0.014202647,0.050641674
24.3,-87.6,120,-168.1,23.2,358.3,0,3114.2041,1471.677125,1286.747801,2831.030197,1415.187017,1432.802762,2975.000767,1750.094746,1199.084257,3114.260412,1471.546778,1286.858081,2831.086574,1415.156961,1432.952247,2975.086505,1749.942785,1199.074741,-0.056312076,0.13034674,-0.110280091,0.179786042,-0.056377316,0.030056088,-0.149485473,0.162565915,-0.085737729,0.151961023,0.009516284,0.174738863
24.7,-107.3,117.2,-155.9,-11.7,131.3,0,2703.06611,1753.28359,1367.204649,2672.080649,2013.678784,1177.617605,2515.671655,1611.191582,1145.244741,2703.160949,1753.279402,1367.335111,2672.214844,2013.681695,1177.745844,2515.764941,1611.200938,1145.353503,-0.094838831,0.004187671,-0.13046241,0.161345532,-0.134194848,-0.00291109,-0.128238889,0.185639285,-0.093286163,-0.009356367,-0.108762413,0.143593566
40.2,-33.9,88.3,-153.3,68.2,41.1,0,3375.455652,861.635227,2118.972075,3103.032444,934.286558,2277.807372,3210.656807,961.39047,1859.250173,3375.424574,861.6061006,2118.961395,3102.989771,934.2326993,2277.75476,3210.616164,961.2767095,1859.184857,0.031077725,0.029126427,0.010679743,0.043911624,0.04267264,0.05385868,0.052612268,0.086543413,0.040642666,0.113760452,0.065316149,0.137329771
9.3,-125.6,99.9,-153.1,-41.5,48.1,0,2356.38004,2712.43084,794.790694,2125.247964,2920.812249,883.458932,2300.505028,2828.832349,498.298457,2356.26051,2712.344397,794.8467624,2125.148691,2920.770758,883.4853626,2300.356174,2828.689066,498.337702,0.119530274,0.086443367,-0.056068361,0.157808755,0.099272717,0.041490914,-0.026430605,0.110793255,0.148854249,0.143283169,-0.039244994,0.210304121
10.2,-111.2,81.9,-150.9,-53.1,343,0,2490.000863,2821.529174,980.713887,2174.048004,2802.975194,1048.134344,2416.77525,3120.411101,881.294064,2490.041694,2821.493417,980.6584307,2174.106269,2802.984077,1048.135709,2416.826814,3120.364827,881.1853927,-0.040831382,0.035757033,0.055456316,0.0775962,-0.058264675,-0.00888341,-0.001365206,0.058953805,-0.051563764,0.046273654,0.108671321,0.128877961
44.3,-59.8,111.8,-150.7,55,48.6,0,2934.202104,1073.478287,2111.141844,2672.778256,1223.381584,2229.038869,2824.041173,1178.434676,1825.778416,2934.213414,1073.509078,2111.038279,2672.762096,1223.37176,2228.915865,2824.026582,1178.392293,1825.664859,-0.011309593,-0.030790964,0.103564861,0.108635495,0.01616045,0.009823932,0.123004085,0.124449486,0.014590769,0.042382753,0.113557196,0.122083681
41.1,4.1,41.5,-149.4,77.7,61.7,0,3583.245069,490.556294,2238.966667,3293.126602,585.814965,2346.073341,3422.620208,421.709023,1966.830439,3583.262763,490.420789,2239.28908,3293.119592,585.653677,2346.333639,3422.737557,421.6051702,1967.119921,-0.01769445,0.135504975,-0.322413201,0.350178474,0.007010338,0.161288047,-0.260297838,0.306297149,-0.117349127,0.103852832,-0.289482187,0.329174976
-12,-124.8,47.1,-147.1,-99.3,169.3,0,1249.0211,3378.930311,473.63995,1194.068639,3579.198321,225.446253,999.904971,3213.096148,351.055547,1249.114243,3378.750477,473.5474758,1193.999394,3578.938754,225.3586358,1000.005901,3212.79488,351.1422062,-0.093143319,0.179834192,0.092474216,0.222637587,0.069245271,0.259567423,0.087617237,0.282572,-0.100930398,0.30126826,-0.086659159,0.329331625
-18.1,-122,84.6,-143.2,-78.1,338,0,2101.036381,2642.187558,144.544637,1804.390967,2674.164999,269.81114,2070.145178,2957.100166,77.894457,2101.012176,2642.167583,144.5956134,1804.418794,2674.202711,269.9632607,2070.096461,2957.073388,77.82884763,0.024205243,0.019974775,-0.050976393,0.059862159,-0.027826506,-0.037711887,-0.152120698,0.159176656,0.048716875,0.026778386,0.065609373,0.085994219
43.7,-47.2,89.6,-140.8,49.3,40.4,0,3306.926944,1088.190456,2269.838493,3058.824963,1244.090339,2407.13075,3169.738353,1183.534668,1992.958764,3306.940425,1088.182186,2269.690294,3058.827906,1244.072325,2406.982865,3169.707481,1183.462966,1992.799357,-0.01348069,0.008269949,0.148198514,0.149039996,-0.002943293,0.01801389,0.147884662,0.149006834,0.030872307,0.071702244,0.159407347,0.177496517
14,-36.8,25.9,-140.4,-39.2,112.6,0,4165.589756,1855.022974,1600.556067,4158.293421,2118.95996,1413.503451,4027.487693,1711.784929,1345.625203,4165.602572,1854.919512,1600.626477,4158.363302,2118.881842,1413.588758,4027.470088,1711.72822,1345.684653,-0.012815976,0.103461961,-0.070410205,0.12580232,-0.06988067,0.078117949,-0.085307004,0.135140693,0.017604771,0.056709255,-0.05944968,0.084024592
-9.9,-101.9,32.9,-138.7,-94.6,37.8,0,1855.614537,3526.631917,576.576531,1592.328604,3686.010767,676.543882,1852.415846,3741.343488,334.781419,1855.81648,3526.580112,576.4873592,1592.521114,3685.890813,676.5196924,1852.46304,3741.235869,334.6386243,-0.201943238,0.051805157,0.089171843,0.226751987,-0.192510119,0.119954044,0.024189648,0.228110187,-0.047194243,0.10761921,0.142794685,0.184931104
7.7,-111.1,102.4,-135.4,-45.3,48.4,0,2592.643631,2182.150761,1029.901737,2455.962141,2475.277702,1039.962926,2601.482717,2234.357696,710.877983,2592.846579,2182.236429,1029.846988,2456.167369,2475.371095,1039.947105,2601.636383,2234.467003,710.8272335,-0.202948192,-0.08566839,0.05474863,0.226989986,-0.205228033,-0.093392543,0.015821015,0.226033221,-0.153665545,-0.109306538,0.050749477,0.195285761
46.7,-6.3,37.9,-133.8,61.6,128.3,0,3614.062141,833.01345,2591.028213,3390.222776,940.325545,2383.517508,3486.850998,542.760876,2525.608461,3614.02904,833.0286167,2591.200505,3390.189176,940.3633883,2383.626424,3486.967514,542.9357058,2525.764901,0.033101416,-0.015166699,-0.172291539,0.176096867,0.033600346,-0.037843287,-0.108915673,0.120098799,-0.116516422,-0.174829831,-0.156440032,0.261944708
-11.4,-121.9,82.8,-133.1,-70,350.7,0,2109.162137,2969.418494,518.51612,1802.551279,3014.002584,611.841123,2062.106152,3241.741862,350.587167,2109.149846,2969.277129,518.4665661,1802.570533,3013.906341,611.8920028,2062.075946,3241.55613,350.4564943,0.012290756,0.141364832,0.049553864,0.150301909,-0.019254174,0.096243302,-0.050879796,0.110554285,0.03020645,0.185732306,0.130672692,0.22909446
30.7,-60.9,84.7,-132.8,12.4,91.3,0,3593.154076,1384.102339,1889.156835,3491.843645,1671.093935,1779.198525,3429.436352,1267.23098,1635.942307,3593.213759,1384.164015,1889.058927,3491.909453,1671.152764,1779.119411,3429.456587,1267.301842,1635.86583,-0.059683363,-0.061676432,0.097908426,0.130200407,-0.065807752,-0.058829056,0.079114296,0.118535184,-0.020235081,-0.070862015,0.076476558,0.106205215
-29.7,-82.4,55.6,-123.7,-85.8,34.4,0,2820.494306,2644.87145,-320.560208,2681.194873,2933.909907,-278.598566,2837.802873,2735.850872,-630.402774,2820.546094,2644.926333,-320.6150185,2681.273265,2933.986071,-278.6795267,2837.774427,2735.84461,-630.4796631,-0.051788474,-0.054882993,0.054810546,0.093265132,-0.07839216,-0.076163587,0.080960743,0.136017884,0.028446335,0.00626183,0.076889078,0.082221255
17.8,-125.8,124.6,-123.4,-18.9,31.6,0,2420.012822,2122.028068,1159.929507,2208.96135,2366.952064,1173.401082,2390.560053,2158.707657,839.983201,2419.956445,2121.896834,1160.02925,2208.887963,2366.805972,1173.484237,2390.50974,2158.55046,840.0786277,0.056377484,0.13123398,-0.099743084,0.174210967,0.073387175,0.146092317,-0.083155038,0.18342138,0.050313081,0.157196873,-0.095426659,0.190652852
-23.7,-100.4,75.8,-121.5,-75.1,322.5,0,2620.488197,2728.219691,63.482481,2304.204939,2753.169768,127.21158,2583.455095,3022.779935,-64.731534,2620.548,2728.197379,63.39093144,2304.2984,2753.206832,127.2003829,2583.5271,3022.726646,-64.9101027,-0.059802844,0.022312094,0.091549561,0.111604354,-0.093461259,-0.037063765,0.011197072,0.101163748,-0.072004808,0.053289454,0.178568697,0.199777972
57.1,-65.7,117.8,-119.9,61.2,139.3,0,2526.845097,1003.9024,2025.686236,2367.094747,1182.13032,1807.893144,2301.170684,781.912196,1959.560802,2526.967491,1003.966369,2025.770005,2367.199418,1182.169656,1807.987854,2301.339017,781.9387064,1959.626651,-0.122394289,-0.063969376,-0.083768765,0.161522905,-0.104670532,-0.039336331,-0.094709745,0.146537378,-0.168332609,-0.02651044,-0.06584949,0.182687783
17.3,-126.1,125,-119.3,-22.7,77.3,0,2367.224586,2097.885996,1213.136564,2289.188401,2365.836683,1049.353702,2278.945901,1946.654919,941.285073,2367.242266,2097.684823,1213.134932,2289.224524,2365.644791,1049.361171,2278.948361,1946.445739,941.2703139,-0.017679997,0.201172687,0.001631708,0.201954685,-0.036123433,0.191892495,-0.007468609,0.195405763,-0.002460001,0.209179822,0.01475913,0.209714286
-23.3,-117.3,107.6,-117.1,-71.7,81.8,0,2322.685738,2174.952222,240.487752,2331.733612,2447.047029,65.610879,2198.04549,2046.116681,-28.677842,2322.882622,2175.040411,240.5261551,2331.923685,2447.136049,65.61760194,2198.165411,2046.200581,-28.59248103,-0.196884131,-0.088188959,-0.038403064,0.219124277,-0.190072539,-0.089019902,-0.006722936,0.209993597,-0.11992052,-0.083899629,-0.085360974,0.169430147
-32,-98.6,88.9,-117.1,-75.8,64.8,0,2637.005198,2286.307452,-275.632404,2608.777044,2586.84687,-392.180102,2535.153532,2198.880957,-569.844125,2637.073925,2286.344915,-275.6410112,2608.862988,2586.874979,-392.2459948,2535.136861,2198.864895,-569.809264,-0.068726507,-0.037463399,0.008607231,0.078745942,-0.085944442,-0.028108788,0.065892799,0.11188571,0.016670573,0.01606172,-0.034861018,0.041847072
-22.4,-106,95.8,-116.3,-68.6,63.6,0,2609.985173,2332.907273,141.709063,2563.853722,2632.050223,27.278943,2535.711043,2242.532731,-159.784076,2610.182937,2332.934242,141.6268236,2564.0578,2632.074244,27.17755801,2535.828034,2242.526997,-159.8309283,-0.19776449,-0.026969433,0.082239404,0.215873721,-0.20407826,-0.024021448,0.101384985,0.229137255,-0.116990924,0.005733643,0.046852273,0.126154217
-27.6,-124.1,116.8,-112.7,-74.7,41.5,0,2159.064257,2075.505145,224.830139,2072.710861,2380.064735,157.779987,2141.783534,2035.790288,-95.648294,2159.25772,2075.63407,225.0325625,2072.889139,2380.183636,157.9442995,2141.916383,2035.869643,-95.43110326,-0.193462738,-0.128924909,-0.20242346,0.308260799,-0.178278213,-0.118901307,-0.164312493,0.270035623,-0.132848643,-0.079354636,-0.217190736,0.266679089
-11.6,-25.2,11,-112.6,-76,353.6,0,4004.85255,1741.762984,412.07082,3746.261335,1935.046192,390.30313,4110.594205,1910.831478,157.51667,4004.740919,1741.854044,412.172074,3746.163964,1935.179208,390.3752239,4110.495289,1910.913297,157.5851303,0.111630831,-0.091060268,-0.101253954,0.176084577,0.097370738,-0.133016188,-0.072093933,0.179921933,0.098915859,-0.081818689,-0.0684603,0.145483531
50.5,-85.3,109,-110.4,42.7,318.5,0,2721.832776,1807.14218,1956.159065,2470.537863,1770.819445,2156.799653,2554.217809,2061.037648,1846.492361,2721.817797,1807.029261,1956.191102,2470.55753,1770.731052,2156.843159,2554.202415,2060.896902,1846.482747,0.01497942,0.112918718,-0.03203728,0.118327542,-0.019667436,0.088392941,-0.04350587,0.10046333,0.015393781,0.14074606,0.009613973,0.141911417
-10.9,-27.1,12.2,-108,-78,22.3,0,3919.998937,1887.893498,523.629823,3753.159056,2154.143034,446.358527,4047.530558,1922.994898,228.544068,3919.932095,1887.967268,523.7439949,3753.092429,2154.243659,446.4581586,4047.468449,1923.113404,228.6532665,0.066841555,-0.073769919,-0.114171893,0.151476122,0.066627014,-0.100624834,-0.099631569,0.156495897,0.062108728,-0.118506102,-0.109198541,0.172700642
75.4,-45.1,115.2,-107.1,94.7,148.1,0,1877.162108,850.579153,2123.475034,1645.464246,982.324547,1939.946567,1717.389782,574.952685,2067.956205,1877.352414,850.6063693,2123.594993,1645.632528,982.2318478,1940.041863,1717.759585,574.8841828,2068.035675,-0.190305659,-0.027216349,-0.119958525,0.226598811,-0.168282442,0.092699241,-0.095296145,0.214460917,-0.369802538,0.068502224,-0.079469709,0.384398109
-22.8,-56.2,71.5,-105.5,-76.2,300.2,0,3397.817859,1480.240156,-58.83574,3095.390369,1593.803597,-77.674289,3465.077731,1721.280451,-263.67808,3397.81431,1480.314912,-58.74211433,3095.413676,1593.929458,-77.62789015,3465.137924,1721.267074,-263.6544198,0.00354928,-0.074755923,-0.093625666,0.119861631,-0.023306863,-0.125861022,-0.046398847,0.136150871,-0.060193044,0.013376603,-0.02366022,0.066045001
-31.3,-29.7,35,-104.8,-98.3,10.2,0,3393.891427,1387.13195,-553.638541,3292.89738,1673.491979,-665.395685,3536.551162,1362.564432,-842.791151,3393.820128,1387.102208,-553.5184247,3292.877723,1673.478085,-665.3702613,3536.480505,1362.459674,-842.690327,0.07129888,0.029742353,-0.120116291,0.142814779,0.019657246,0.013894057,-0.025423684,0.035011653,0.070657209,0.104757848,-0.100824001,0.161654344
-32.4,-102.3,104.4,-103.9,-73.3,58.3,0,2594.948136,2150.013333,-161.875153,2557.959565,2417.635174,-340.006041,2497.887009,1998.466877,-430.569333,2595.070662,2149.967337,-161.9387498,2558.093366,2417.552977,-340.0998793,2497.944515,1998.371604,-430.5727515,-0.122526167,0.045996029,0.063596789,0.145508927,-0.133801039,0.082197259,0.093838315,0.182933695,-0.057506108,0.09527316,0.003418515,0.11133559
-29.8,-87.5,85.2,-100.6,-77.1,91.1,0,2869.62902,2397.945728,-153.983822,2899.043768,2569.978551,-426.491213,2713.564448,2187.567086,-343.617654,2869.73617,2397.835436,-154.1346525,2899.135767,2569.857713,-426.6319222,2713.614497,2187.462189,-343.7348717,-0.107149781,0.110291531,0.150830456,0.215395273,-0.091998816,0.120837898,0.140709184,0.207037808,-0.050049051,0.104897065,0.117217722,0.165070579
61.7,-88.3,119.1,-100.2,55.9,324.5,0,2292.922308,1521.257039,1944.172041,2060.648298,1525.73102,2169.445205,2139.185942,1781.340035,1828.830903,2293.010548,1521.330345,1944.182207,2060.770098,1525.789125,2169.471086,2139.218237,1781.367544,1828.822139,-0.088240134,-0.073305796,-0.010165672,0.115166843,-0.121799502,-0.058105463,-0.02588068,0.137408781,-0.032294612,-0.027509292,0.008763882,0.043318688
-6.7,-22,28.7,-99.4,-64.7,49.5,0,4153.881154,1234.571888,724.669967,4152.034734,1503.293069,544.458609,4162.881404,1083.422259,438.91123,4153.945876,1234.603792,724.7301694,4152.111039,1503.367209,544.523588,4162.972598,1083.54452,438.935043,-0.06472181,-0.031904395,-0.060202406,0.093974107,-0.076305333,-0.074140424,-0.064978979,0.124665849,-0.091194394,-0.122260891,-0.023813018,0.154373582
67.7,-65.1,106.3,-98.2,71.8,64,0,2260.613031,1226.621316,2177.87815,2085.226927,1495.041795,2221.62302,2033.641506,1154.568665,1959.078454,2260.727474,1226.84774,2177.869193,2085.26374,1495.18583,2221.665048,2033.749486,1154.704995,1959.109375,-0.114443249,-0.226423707,0.008957491,0.25386057,-0.036812582,-0.144034659,-0.04202787,0.154491071,-0.107980038,-0.136329969,-0.03092138,0.176639975
69,-34.9,67.5,-97.9,72.4,37.8,0,2464.63615,1024.215759,2877.44462,2276.112445,1260.621678,2992.66941,2250.205582,1017.192428,2635.471291,2464.711708,1024.161709,2877.296141,2276.114094,1260.502539,2992.556845,2250.259176,1017.091497,2635.345813,-0.075557816,0.05405019,0.148478944,0.175146806,-0.001649285,0.119139272,0.112565237,0.163914059,-0.053594301,0.100930783,0.125478295,0.169717926
-8.4,-22.1,20,-97.5,-75.8,47.4,0,3976.717224,1589.582629,724.287072,3961.931953,1855.566283,540.586563,4056.781835,1443.513205,447.094621,3976.761604,1589.696358,724.3001708,3961.966855,1855.693836,540.6212642,4056.87,1443.667333,447.1043214,-0.044379857,-0.113729496,-0.013098805,0.122782526,-0.034902154,-0.127552891,-0.034701223,0.136718964,-0.088165347,-0.154128384,-0.009700364,0.177827963
-12.6,-41.9,59.3,-96.9,-68.2,302.9,0,3803.121034,1323.439867,424.796209,3502.26065,1438.568662,394.021082,3872.027344,1535.461982,190.526384,3803.09074,1323.591776,424.8164911,3502.255445,1438.739371,393.9850793,3872.046181,1535.558151,190.5199597,0.03029449,-0.151909492,-0.02028212,0.156222963,0.005205383,-0.170708964,0.036002721,0.174541807,-0.01883662,-0.096169053,0.006424266,0.098206803
80.4,-53.7,92.7,-96.4,76.7,51,0,1790.717598,1193.029935,2786.892283,1595.010819,1442.781361,2850.418332,1603.714318,1156.575462,2525.583726,1790.797167,1193.015656,2786.588258,1594.977014,1442.664178,2850.157371,1603.792746,1156.475507,2525.295864,-0.079568612,0.014278685,0.304024575,0.3145886,0.033805436,0.117183343,0.26096127,0.28805473,-0.078428084,0.099954692,0.287862193,0.314653058
86.1,-54,118.2,-93.3,91.1,8.2,0,1491.617385,881.620784,2139.829551,1292.113119,889.869183,2394.484891,1274.849389,1081.026358,2006.314613,1491.882555,881.5455024,2139.888819,1292.335029,889.7050828,2394.496507,1275.008899,1080.784794,2006.289284,-0.265169516,0.075281643,-0.059268271,0.281948446,-0.221910158,0.164100224,-0.011615577,0.276238888,-0.159509678,0.241564484,0.025328922,0.290582676
-23.5,-61.4,80.8,-90.9,-71.7,14.4,0,3437.932031,1697.806169,-98.360572,3333.427308,1970.561444,-237.644903,3455.29189,1589.108712,-402.444741,3437.796767,1697.784178,-98.24747568,3333.341716,1970.515485,-237.5952458,3455.16858,1589.006809,-402.2947267,0.135263813,0.021990952,-0.113096323,0.177681398,0.08559189,0.045958848,-0.049657161,0.109105549,0.123310316,0.101903256,-0.150014326,0.219303456
34.6,-83.1,97.2,-88.1,16.1,86.3,0,3165.079136,1835.574814,1731.661418,3072.968062,2028.611542,1488.823794,2926.099373,1645.029514,1625.991186,3165.197506,1835.664839,1731.619577,3073.082803,2028.740193,1488.826783,2926.208434,1645.146629,1625.944773,-0.118370111,-0.090025189,0.041840735,0.154488397,-0.114740687,-0.128651322,-0.002989115,0.172410912,-0.109061354,-0.117115243,0.046412654,0.166626809
6,-67.6,85.5,-86.5,-34.5,2.1,0,3646.185192,1666.140679,1151.041143,3493.956598,1947.529925,1102.283181,3645.042404,1648.235325,828.19262,3646.099554,1666.054271,1151.195355,3494.004487,1947.465609,1102.344022,3645.008595,1648.100907,828.3095882,0.085638175,0.086407581,-0.154211885,0.196421671,-0.047888786,0.064315646,-0.060841387,0.100655415,0.033809103,0.134418203,-0.116968164,0.181363889
-4.7,-12.7,25.5,-86,-60.1,298.6,0,4292.947942,1045.353221,818.739282,3976.251083,1106.137838,791.94898,4318.106915,1242.747508,563.933715,4292.995756,1045.245835,818.7767327,3976.313856,1106.095672,791.9103918,4318.180364,1242.701321,563.9110775,-0.047814345,0.107385857,-0.037450652,0.12337133,-0.062773128,0.042166416,0.038588227,0.084897135,-0.07344887,0.046187464,0.022637542,0.089668705
-38,-41.2,86.6,-85,-98.9,14.6,0,2989.251265,1158.103741,-651.483487,2951.08419,1338.395169,-917.488454,2997.893843,911.652513,-860.700405,2989.109261,1157.971551,-651.4171334,2950.954147,1338.122008,-917.5013356,2997.812341,911.4228067,-860.5044341,0.142003645,0.132190368,-0.066353648,0.205041789,0.130043091,0.273160826,0.012881552,0.302810133,0.081502291,0.229706254,-0.195970934,0.31274941
32.7,-40,51.1,-84.4,12.1,336,0,3973.637686,1473.042691,2219.378963,3748.857267,1670.104807,2343.267548,3884.638731,1604.014663,1937.420846,3973.640593,1473.054115,2219.293179,3748.881715,1670.141472,2343.194069,3884.631895,1604.046884,1937.338603,-0.00290719,-0.011424215,0.085783787,0.086589968,-0.024447701,-0.036665213,0.073478847,0.085680621,0.006835606,-0.032221492,0.082243241,0.088594022
3.9,-32.7,47.1,-84.4,-46.5,28.9,0,4188.603279,1380.4644,1263.401325,4118.55242,1644.211649,1089.506421,4188.189882,1232.150082,976.028876,4188.532659,1380.48787,1263.455493,4118.504696,1644.266852,1089.592301,4188.189935,1232.234172,976.0535667,0.070620257,-0.02346977,-0.054167847,0.092044589,0.047723539,-0.055202855,-0.085879759,0.112695272,-5.33E-05,-0.084090433,-0.024690685,0.087640365
1.5,-54.5,73.5,-83.6,-42.8,3,0,3888.928546,1552.842666,1014.222936,3745.886477,1830.756264,930.413813,3899.604375,1501.300388,695.145191,3888.850071,1552.869055,1014.25995,3745.901594,1830.801153,930.407867,3899.551287,1501.281779,695.1941176,0.078475194,-0.026389348,-0.037013522,0.090690433,-0.015117425,-0.044888807,0.005946016,0.04773779,0.053087763,0.01860891,-0.048926592,0.074554769
68,-47.8,52.8,-83.4,73.6,310.7,0,2503.26127,1883.070341,2770.328649,2331.788516,1943.60231,3037.999476,2311.987711,2107.577471,2637.706467,2503.193081,1882.954534,2770.220416,2331.758262,1943.469228,3037.91225,2311.855271,2107.418824,2637.610821,0.068188753,0.115807459,0.108232604,0.172555412,0.030254378,0.133081737,0.087226221,0.161970644,0.132440286,0.158646974,0.0956464,0.227722475
13.3,-74.5,92.7,-83.3,-25.9,62.5,0,3452.662285,1696.85741,1419.266087,3446.682416,1912.636828,1178.19339,3293.460758,1508.854704,1209.749854,3452.794432,1696.895137,1419.210053,3446.841517,1912.728611,1178.187963,3293.59799,1508.942148,1209.663095,-0.13214745,-0.037726965,0.056034337,0.148411992,-0.159101206,-0.091783273,0.005426726,0.183757483,-0.137232419,-0.087443892,0.086758722,0.184407828
44.4,-85.8,102.5,-83.1,23,317.5,0,2810.881015,1682.898728,2022.678162,2566.124074,1816.149281,2187.150552,2741.287761,1908.963881,1802.156547,2810.987107,1682.861284,2022.630144,2566.246095,1816.106748,2187.123564,2741.37609,1908.935123,1802.119823,-0.106091695,0.037444476,0.048017759,0.12232433,-0.122020686,0.042533103,0.026988449,0.132009428,-0.088328755,0.028757697,0.036724482,0.099888246
56,-107.8,122.6,-80,46.6,354.3,0,2245.243254,1688.346799,1605.297482,2087.055096,1932.463427,1747.078259,2096.065959,1791.730881,1337.661291,2245.370365,1688.356239,1605.515727,2087.181174,1932.471236,1747.272177,2096.191098,1791.714117,1337.855338,-0.127111205,-0.009439524,-0.218245211,0.252739659,-0.12607827,-0.007808501,-0.193917929,0.231432206,-0.125139245,0.016763572,-0.194046693,0.231505868
42.7,-110.6,123.8,-79.2,29.8,318.3,0,2495.658307,1721.043546,1408.190817,2280.093034,1865.797623,1601.301186,2388.925829,1931.864591,1187.402837,2495.782233,1721.075533,1408.284523,2280.222151,1865.825726,1601.395391,2389.025142,1931.867636,1187.492103,-0.123925795,-0.031987144,-0.093705881,0.158623996,-0.12911721,-0.028103444,-0.094204872,0.162282517,-0.099312844,-0.003045363,-0.08926563,0.133568963
-0.1,-86.7,115.1,-74.5,-49.2,8.9,0,3023.695501,1615.172126,979.359764,2940.190478,1886.900548,824.743561,3011.963027,1483.663384,684.140945,3023.738899,1615.132602,979.2965832,2940.296488,1886.874771,824.6855616,3012.020063,1483.63319,684.0856515,-0.043398287,0.039524261,0.06318082,0.08624033,-0.106009702,0.025777076,0.05799937,0.123557442,-0.057035968,0.030193635,0.055293536,0.08498313
65.5,-93.5,98,-72,52.5,292.2,0,2130.011474,2045.948576,2223.452316,1880.545419,2104.466048,2421.069564,2030.000423,2314.098307,2072.873892,2130.10424,2045.828216,2223.395406,1880.642579,2104.289714,2421.035664,2030.039246,2313.980199,2072.859388,-0.092765728,0.120360042,0.056909842,0.162267526,-0.097160362,0.176333906,0.033899688,0.204164079,-0.038823275,0.118108358,0.014503761,0.125168647
73.5,-129,118,-69.9,71.4,293.6,0,1656.464403,2211.85035,1367.489574,1444.466394,2310.694657,1591.104974,1526.669757,2448.003629,1188.738909,1656.613906,2211.860119,1367.532427,1444.557333,2310.665573,1591.094916,1526.803244,2447.997389,1188.737501,-0.149502916,-0.009768709,-0.042852641,0.15582971,-0.090938647,0.029084053,0.010057534,0.09600455,-0.133486629,0.006240014,0.001407678,0.133639813
19.1,-75.4,91.4,-67.5,-14.8,56.5,0,3483.569517,1843.188487,1545.072016,3444.09612,2030.694408,1284.310865,3296.942173,1635.35172,1382.104985,3483.667499,1843.188402,1544.990074,3444.204151,2030.774164,1284.288148,3297.044242,1635.400677,1381.968634,-0.097982452,8.48E-05,0.081942248,0.127730576,-0.108031489,-0.079756218,0.022716674,0.13619069,-0.102069408,-0.048957269,0.136351057,0.177219042
-13,-43.8,90.6,-66.9,-76.7,4.6,0,3524.385228,1072.603005,426.314475,3465.820631,1278.913763,184.006232,3518.616452,849.194377,192.54997,3524.233754,1072.631481,426.3713257,3465.761532,1278.890082,183.9891119,3518.509105,849.1704441,192.6797302,0.151474152,-0.028475813,-0.056850703,0.164278097,0.059098679,0.023681103,0.017120073,0.065928335,0.107347069,0.023932935,-0.129760158,0.170099609
-15,-61.8,124,-66.4,-69.9,288.4,0,2934.582954,775.91093,415.458005,2701.987324,1000.035254,396.101906,2969.972104,833.933237,99.296225,2934.679084,776.1014046,415.5442589,2702.065852,1000.210734,396.121217,2970.091842,834.0341787,99.36616466,-0.096130251,-0.190474606,-0.086253905,0.230133302,-0.07852821,-0.175480427,-0.019310954,0.193217425,-0.119737882,-0.100941661,-0.069939659,0.171516575
47.9,-114.8,120.2,-65.4,32.8,39.5,0,2309.080532,1877.822222,1566.56556,2220.402506,2151.785151,1418.932501,2099.142757,1739.878715,1362.919739,2309.20151,1877.822294,1566.593337,2220.521801,2151.815622,1419.029839,2099.292003,1739.908019,1362.884765,-0.120978013,-7.15E-05,-0.027776862,0.124125899,-0.119295256,-0.030471173,-0.097338239,0.15695408,-0.149245747,-0.029304387,0.034973743,0.156064739
65,-93.2,84.4,-64.4,65.7,279.4,0,2154.350876,2370.129879,1998.919367,1939.083539,2432.103583,2232.445984,2042.466568,2644.582238,1869.551231,2154.445799,2370.207612,1998.925648,1939.191467,2432.150321,2232.462197,2042.503363,2644.64564,1869.573053,-0.094923442,-0.077732881,-0.006280932,0.122850766,-0.10792808,-0.046738223,-0.016212534,0.118725642,-0.036794897,-0.063401857,-0.021821777,0.076484311
69.6,-127.8,109.5,-64.3,62,34.1,0,1703.391356,2482.415541,1503.208068,1589.515403,2732.491631,1332.295715,1492.897497,2310.378387,1328.056601,1703.439215,2482.301851,1503.274262,1589.578138,2732.398598,1332.399062,1493.027856,2310.291046,1328.007733,-0.047858836,0.11368986,-0.066193555,0.139990854,-0.062735422,0.093033102,-0.103346973,0.152549953,-0.130359036,0.087341344,0.048867983,0.164347402
68.6,-106.5,101.1,-63.6,69.3,311.6,0,1896.012608,2147.37904,1743.818918,1735.651086,2330.005004,1957.452352,1772.405148,2352.5825,1526.561749,1896.124471,2147.55406,1743.850994,1735.746595,2330.161172,1957.496268,1772.479967,2352.738804,1526.617223,-0.111863362,-0.17502014,-0.032076373,0.210176961,-0.095508504,-0.156168426,-0.043915819,0.188252625,-0.074818837,-0.156303781,-0.055474267,0.181950885
-10.7,16.3,10.1,-60.7,-77.9,278.9,0,4087.601152,505.773442,398.489956,3765.666904,489.065614,369.996044,4075.535226,609.695745,92.631477,4087.825349,505.7605107,398.5713243,3765.933517,489.0168115,369.9873962,4075.756615,609.8575874,92.63499691,-0.224196525,0.012931287,-0.08136833,0.238855825,-0.266612624,0.048802534,0.008647782,0.271180314,-0.221389446,-0.161842431,-0.003519906,0.274260185
50.4,-81.9,80.1,-59.7,46.6,21,0,2777.052404,2137.301017,2031.7021,2679.020162,2436.219461,1955.787021,2553.678916,2045.872268,1816.43821,2777.086659,2137.576119,2031.774302,2679.066023,2436.490626,1955.922607,2553.730189,2046.135071,1816.530306,-0.034254605,-0.275101864,-0.072202287,0.286474403,-0.045860678,-0.271165083,-0.135586336,0.306622502,-0.051273133,-0.262803175,-0.092096376,0.283153995
4.4,-5.7,29.6,-58.4,-59.4,281.3,0,4265.013994,927.111333,1321.562507,3944.756479,962.511816,1291.553448,4272.441147,1047.052561,1021.435693,4265.135452,927.0802054,1321.475706,3944.892246,962.4651019,1291.405032,4272.591101,1047.128075,1021.289228,-0.12145759,0.031127647,0.086800574,0.15249661,-0.135767467,0.046714124,0.148415701,0.206499964,-0.149954375,-0.075514256,0.146465014,0.222801969
7.2,-70.1,106.6,-56,-43,244.9,0,3375.060708,1344.250544,1196.234703,3054.733429,1338.728607,1241.79596,3310.000742,1599.732942,1008.892631,3375.069768,1344.199209,1196.133945,3054.744835,1338.640573,1241.657739,3310.027764,1599.663492,1008.818807,-0.00906044,0.051335381,0.100757839,0.113444062,-0.011405938,0.088034431,0.138221276,0.164271962,-0.027022358,0.069449935,0.073823651,0.104897248
60.2,-106.3,96.8,-55.8,53.9,270.1,0,2102.635543,2302.444019,1859.142594,1852.42716,2372.137444,2052.15973,2022.117255,2578.623405,1711.428831,2102.747864,2302.497156,1859.112437,1852.534312,2372.147669,2052.121693,2022.180809,2578.672445,1711.411252,-0.112320725,-0.053137191,0.030156642,0.127862932,-0.107152027,-0.010225477,0.038037061,0.114161882,-0.06355383,-0.049040201,0.017578962,0.082176947
63.7,-88.3,68.6,-54.5,61.5,248.8,0,2177.741527,2672.533158,2229.498098,1907.960234,2675.737642,2408.079999,2080.840862,2967.417986,2138.723942,2177.704411,2672.479272,2229.42433,1907.90698,2675.644522,2408.057772,2080.77161,2967.36995,2138.743447,0.0371157,0.053886261,0.073768124,0.098605479,0.05325444,0.093119645,0.022226734,0.109550588,0.069251882,0.04803582,-0.019505322,0.086508501
61.2,-67.1,54.9,-52.9,70.5,282.8,0,2475.391136,2139.236156,2401.136154,2308.115646,2275.424051,2642.33645,2395.44933,2407.546283,2239.317289,2475.462584,2139.292427,2401.075541,2308.212787,2275.461066,2642.314834,2395.473101,2407.630096,2239.28476,-0.071448231,-0.05627148,0.060612716,0.109294239,-0.097141232,-0.037015341,0.021616093,0.106178199,-0.023771317,-0.08381347,0.03252868,0.092994022
8.2,-60.4,109.4,-42.9,-57.2,8.3,0,3347.954466,1145.886703,1263.869649,3312.728444,1334.129078,1003.02835,3250.857471,910.044859,1065.030323,3347.909847,1145.963481,1263.816087,3312.746099,1334.193428,1002.96411,3250.852926,910.1178018,1064.978826,0.044618879,-0.076778218,0.053562025,0.10370453,-0.017655155,-0.064350137,0.064240228,0.092625328,0.004544757,-0.072942811,0.051496951,0.089404947
55.5,-89.1,76.2,-42.5,54.3,263.6,0,2372.840077,2312.006768,2147.610779,2134.531657,2427.931154,2333.302792,2330.491882,2585.861991,1980.920974,2372.904351,2312.006906,2147.591942,2134.588475,2427.886891,2333.301396,2330.540606,2585.895957,1980.949693,-0.064273978,-0.00013829,0.018836637,0.066977475,-0.056817961,0.04426273,0.001395994,0.072037621,-0.048724017,-0.033966394,-0.028719019,0.06597369
35.2,-109.8,106.7,-42.4,19.9,40.5,0,2632.538556,2300.724557,1478.960262,2548.905588,2475.796859,1219.976461,2403.87587,2097.800318,1373.558754,2632.569524,2300.744933,1478.983724,2548.942485,2475.909452,1220.072294,2403.939839,2097.817756,1373.491502,-0.030968449,-0.020375819,-0.023462253,0.043871359,-0.036896867,-0.112593455,-0.09583256,0.15238945,-0.063969458,-0.017438278,0.067252207,0.094440692
59.3,-105.2,73.2,-41.9,66.8,350.3,0,1985.067103,2856.611994,1721.799726,1907.408962,3159.722494,1639.317967,1800.713657,2776.381242,1468.50075,1985.066569,2856.602375,1721.900016,1907.420962,3159.717366,1639.416754,1800.738316,2776.372327,1468.590983,0.000533541,0.009618506,-0.100290263,0.100751859,-0.01199972,0.005127684,-0.098786939,0.099645099,-0.024658971,0.008914605,-0.090233115,0.093965685
59.7,-83.4,61,-39.8,62.7,359,0,2244.482742,2547.666097,2322.729168,2201.331224,2854.166802,2228.338028,2052.413002,2478.881542,2071.821853,2244.473979,2547.762156,2322.740636,2201.308647,2854.266844,2228.385808,2052.402991,2478.990755,2071.825055,0.008763026,-0.096058948,-0.011467605,0.09713711,0.022576971,-0.10004245,-0.047780149,0.113142185,0.01001132,-0.109212745,-0.00320179,0.109717372
14.5,-78.7,112,-38.7,-28,5.1,0,3300.745954,1408.088344,1263.85949,3233.29418,1651.730948,1061.872203,3155.457059,1226.351792,1039.253247,3300.721955,1408.075131,1263.959699,3233.329853,1651.730316,1061.965787,3155.442386,1226.361718,1039.341243,0.023999157,0.013212976,-0.100208842,0.103886257,-0.035672929,0.000631611,-0.093584378,0.100154843,0.014672707,-0.009925873,-0.087996319,0.089761704
28.2,-74.2,88.6,-38.6,-5,23.6,0,3375.523401,1867.16977,1895.080187,3323.932949,2077.065405,1654.253888,3197.939218,1667.026911,1713.458201,3375.540608,1867.137942,1895.078126,3323.968076,2077.112249,1654.324346,3197.99539,1667.037322,1713.371699,-0.017206986,0.031827678,0.002061236,0.036239897,-0.035127163,-0.04684397,-0.070457646,0.091610889,-0.05617238,-0.010410739,0.086501676,0.103664167
53.6,-62.8,19.6,-38.2,78.2,218.5,0,2599.601756,2923.38413,2150.110032,2332.098643,2927.028537,2332.155456,2527.102049,3234.05257,2097.153895,2599.596059,2923.334346,2150.191197,2332.083276,2926.976433,2332.219139,2527.072284,3233.99855,2097.202869,0.005696575,0.049783908,-0.081164914,0.095386748,0.015366508,0.052103902,-0.063682974,0.083704643,0.029764807,0.054020325,-0.048973724,0.078756364
49.9,-69.8,23.1,-35.4,79,219.1,0,2580.85651,3073.239901,1873.397638,2320.956681,3091.394753,2065.331194,2506.668612,3379.482347,1800.692997,2580.874384,3073.192066,1873.538658,2320.964317,3091.345888,2065.444175,2506.673139,3379.433254,1800.805394,-0.017873573,0.047835147,-0.141020309,0.149981311,-0.007636291,0.048864519,-0.112980972,0.123331887,-0.004526909,0.049093268,-0.112397481,0.122734819
47.8,-108.8,76.5,-34.6,65.8,0,0,2179.33235,2777.706389,1363.399335,2114.171359,3064.045743,1227.4736,1941.686396,2670.769127,1171.940737,2179.392873,2777.807999,1363.523994,2114.247411,3064.127586,1227.552888,1941.744653,2670.835021,1172.05782,-0.060523482,-0.101610199,-0.124658801,0.171835797,-0.07605201,-0.081843118,-0.079287659,0.13699904,-0.058257447,-0.065894168,-0.117083004,0.146439071
37,-125.9,97.5,-24.5,57.2,208.8,0,2110.414572,2495.957858,1000.846631,1830.42849,2485.264346,1162.738454,2035.443025,2807.737709,959.02295,2110.362,2495.940775,1000.828094,1830.363058,2485.209608,1162.679737,2035.350701,2807.71468,958.9982648,0.052571834,0.017083178,0.018537441,0.058303253,0.065432231,0.054737893,0.058716966,0.103563004,0.09232351,0.023028665,0.024685186,0.098302127
40.5,-123.9,78.5,-23,66.4,304.5,0,1899.270662,3036.365385,985.60746,1768.606915,3332.116624,998.624413,1767.1854,3027.850317,690.529621,1899.133729,3036.211517,985.5189769,1768.460628,3331.957051,998.5658174,1767.078005,3027.69312,690.4462845,0.136933054,0.153868233,0.08848307,0.224177046,0.146287299,0.159572673,0.058595588,0.224269603,0.107394914,0.157197307,0.083336529,0.207821169
36.5,-91.4,72.5,-21.3,49.6,253.4,0,2790.190334,2459.175488,1600.403135,2582.106058,2631.680967,1778.311705,2748.070961,2695.266815,1383.434741,2790.190204,2459.376222,1600.442684,2582.097563,2631.852113,1778.375973,2748.04952,2695.46649,1383.498207,0.000129688,-0.200733607,-0.039548509,0.204592478,0.008494673,-0.17114584,-0.064268346,0.183012235,0.021440959,-0.199675179,-0.063465582,0.210612848
42.9,-107.3,83.1,-16,51.8,7.6,0,2245.189814,2567.320765,1688.227679,2238.326191,2797.76675,1461.172995,2007.899744,2434.823046,1512.983146,2245.208481,2567.509391,1688.221109,2238.344902,2797.98981,1461.191184,2007.932748,2435.017555,1512.934359,-0.018667155,-0.188626494,0.006570427,0.189661771,-0.01871088,-0.22306045,-0.018189467,0.224581651,-0.033004183,-0.194508505,0.048786603,0.203231314
35.6,-74,43.5,-9,61.3,201.9,0,2939.437166,2637.941088,1876.991076,2640.742258,2677.352486,1995.080046,2915.249477,2951.850824,1803.212345,2939.413882,2637.996184,1877.06101,2640.71923,2677.37841,1995.134015,2915.213572,2951.936754,1803.335885,0.023284154,-0.055095798,-0.069933618,0.092023963,0.023028178,-0.02592403,-0.053969219,0.064148491,0.03590478,-0.085930371,-0.123540052,0.15471046
27.2,-93.5,97.5,-8.3,8.4,355.5,0,3065.008534,2164.129527,1543.798838,2997.953906,2375.225066,1307.884762,2862.67027,1970.589255,1381.974773,3065.040985,2164.096631,1543.899203,2998.011859,2375.224978,1308.011662,2862.710047,1970.59027,1382.044193,-0.032450953,0.032895928,-0.100365221,0.110491557,-0.057953036,8.80E-05,-0.12689983,0.139506734,-0.039777175,-0.00101512,-0.06941968,0.080014661
21.4,-49.4,120.7,-8.3,-76.7,324.3,0,3107.96542,791.882615,1423.662748,2957.185704,1005.442206,1232.985884,3021.841574,578.868474,1196.074855,3107.931695,791.9171557,1423.669244,2957.158821,1005.494975,1232.977629,3021.875373,578.9205265,1196.059638,0.033725134,-0.034540696,-0.00649568,0.048709734,0.026883418,-0.052768656,0.008254553,0.059794539,-0.033799057,-0.052052466,0.015217393,0.063901522
26.9,-35.4,57.7,-6.5,-21.2,348.4,0,4069.44291,1333.831848,2128.987514,3976.518389,1523.709574,1883.987849,3922.832246,1100.671674,1959.443863,4069.313312,1333.620844,2128.963541,3976.418274,1523.570343,1884.012091,3922.731123,1100.535709,1959.360482,0.129598423,0.21100425,0.023972771,0.248783518,0.100114593,0.139231091,-0.024242155,0.173193274,0.101122543,0.135964595,0.083380875,0.188850497
23.4,-126,78.5,-2.9,77.4,323.2,0,1841.056198,2788.373195,723.314821,1814.235173,3093.418241,618.750275,1637.90973,2722.92336,480.379068,1840.913722,2788.444526,723.3732046,1814.069105,3093.492391,618.7971053,1637.78344,2722.966693,480.4125713,0.142476307,-0.071331107,-0.058383615,0.169694641,0.166068331,-0.074149889,-0.04683028,0.187803013,0.126289695,-0.04333287,-0.033503313,0.137656445
32.8,-128.9,76,-1.2,75.1,227.4,0,1597.071521,3000.13401,995.358002,1332.52289,3143.476222,1114.410323,1585.429774,3237.128943,775.657779,1596.866187,3000.019043,995.2589405,1332.257649,3143.264218,1114.3129,1585.169574,3237.022149,775.5502868,0.205334059,0.114967326,0.099061535,0.255328709,0.26524139,0.212003937,0.097423216,0.353256206,0.260200026,0.106793658,0.10749216,0.301103808
27,-83.2,110.6,4,-11.7,240.6,0,3138.187224,1446.952466,1578.380304,2904.052774,1638.023225,1694.084853,3086.726212,1607.871904,1302.633613,3138.241543,1446.973925,1578.349054,2904.09313,1637.99507,1694.091669,3086.768911,1607.938223,1302.631324,-0.054318978,-0.021458697,0.031250215,0.066238984,-0.040355806,0.028155063,-0.006816115,0.049676535,-0.042699042,-0.066319406,0.002289172,0.078909519
27.4,-85.3,97.2,13.9,10,216.6,0,3121.586291,1733.70335,1681.914882,2868.589296,1893.216565,1805.452254,3103.721689,1955.409035,1447.181252,3121.602899,1733.725446,1681.87468,2868.599528,1893.196222,1805.443438,3103.741232,1955.505187,1447.196023,-0.016607635,-0.022096341,0.040201597,0.048787603,-0.010231726,0.020343048,0.008816261,0.024418319,-0.019543342,-0.096151742,-0.014771352,0.099223448
9.6,-111.5,86.5,18.1,51.2,230.5,0,2605.299807,2591.533903,770.844992,2409.866459,2816.797845,896.395426,2567.587999,2759.664449,497.187132,2605.279006,2591.481151,770.7973611,2409.863575,2816.741152,896.4224643,2567.522374,2759.656843,497.172888,0.020801281,0.052752031,0.047630929,0.074055219,0.002883566,0.056692707,-0.027038251,0.062876427,0.065625213,0.007605576,0.014243983,0.067582575
9.9,-76.8,41.2,19.8,64.3,223.2,0,3204.435691,2858.973036,976.64769,2986.573458,3064.329195,1099.352532,3198.877043,3058.239245,721.995563,3204.457778,2858.970253,976.6700845,2986.596361,3064.324258,1099.459211,3198.864379,3058.288356,722.0719646,-0.022087188,0.002783414,-0.022394514,0.031576978,-0.022902802,0.004937473,-0.106679363,0.109221808,0.01266449,-0.049110905,-0.076401604,0.091703191
13,-103.9,62.5,20.4,72,331,0,2362.909209,2942.121648,1004.10585,2384.735846,3185.653599,792.118253,2150.771517,2821.251674,792.050561,2362.904774,2942.290113,1004.118245,2384.688944,3185.854474,792.1920266,2150.756771,2821.448068,792.0579434,0.004435305,-0.168464942,-0.012395058,0.168978538,0.046902158,-0.200875136,-0.073773644,0.219073465,0.014746057,-0.19639419,-0.007382391,0.197085321
24.8,-96.1,109.9,21.5,7.4,227.7,0,2950.283706,1698.753792,1433.388173,2741.583576,1921.595343,1540.578254,2916.328794,1851.84566,1150.566024,2950.3528,1698.826613,1433.381504,2741.641136,1921.644349,1540.632131,2916.387307,1851.988705,1150.597373,-0.069094071,-0.072820919,0.006668831,0.100604921,-0.05755994,-0.049006287,-0.053877122,0.092830529,-0.058513077,-0.143045386,-0.031348607,0.157697488
15.2,-123.7,120.8,21.6,28.4,243.2,0,2477.656933,1877.008798,917.072681,2322.848144,2150.523268,994.107519,2424.06176,1972.194094,612.704975,2477.610602,1876.902786,917.134264,2322.812999,2150.410726,994.2197397,2424.002757,1972.14845,612.7769923,0.04633148,0.10601156,-0.061583045,0.13106307,0.035144893,0.112542009,-0.112220703,0.162770862,0.05900255,0.045643615,-0.072017349,0.1036877
5.3,-105.8,52,24.2,78.8,330,0,2180.32118,3278.176163,746.460035,2164.763586,3518.889063,530.747749,1973.378293,3130.763144,546.412942,2180.301221,3278.211629,746.4810759,2164.681864,3518.947187,530.811696,1973.353691,3130.790261,546.4341004,0.019958981,-0.035465519,-0.021040943,0.045813593,0.081721874,-0.058124287,-0.063946984,0.118937438,0.024602497,-0.027117024,-0.021158408,0.042288226
36.2,-30.1,78.7,27.1,-64,337.2,0,3647.030942,914.767619,1988.016013,3462.86633,1014.941066,1741.542743,3502.532621,630.05556,1936.069406,3646.954589,914.8687283,1988.055359,3462.782577,1015.085042,1741.582296,3502.552298,630.2227716,1936.048108,0.076352937,-0.101109314,-0.03934575,0.132668581,0.083752784,-0.14397614,-0.039553111,0.171196105,-0.019676903,-0.167211576,0.021297828,0.169707069
-0.7,-96.9,60.4,37,66.5,234.3,0,2708.841552,3021.332207,710.654288,2528.864213,3286.157686,757.497528,2702.667423,3113.068344,400.602737,2708.819126,3021.38182,710.6042015,2528.82891,3286.169509,757.5300308,2702.587194,3113.203461,400.5900018,0.022425981,-0.049612821,0.050086533,0.073979845,0.035302733,-0.0118229,-0.032502775,0.049421598,0.08022918,-0.135117098,0.012735159,0.157656385
0.2,-124.5,104,41.3,51.1,246.1,0,2349.474385,2435.182148,699.995133,2223.148189,2732.746988,685.610455,2297.98532,2434.487194,380.729881,2349.418522,2434.972265,699.9942887,2223.11645,2732.552853,685.6892936,2297.876361,2434.334655,380.7424032,0.055862617,0.209883147,0.000844297,0.217191805,0.031739015,0.194135494,-0.078838633,0.2119233,0.108959333,0.152539063,-0.012522206,0.187875245
1.1,-107.2,88.8,47,52.7,156.6,0,2674.841162,2569.789287,835.476866,2360.44682,2610.100496,900.723591,2644.723071,2852.967851,682.257743,2674.828439,2569.814228,835.4110655,2360.451944,2610.069075,900.6651235,2644.67432,2853.036698,682.2605815,0.012722552,-0.024940966,0.065800504,0.07150959,-0.005124396,0.031420686,0.058467494,0.066573019,0.048751178,-0.068846763,-0.002838468,0.084407411
2.8,-89.2,81.9,50.8,38.7,170.6,0,3274.435121,2373.051569,813.7762,2992.148472,2491.128543,919.091082,3249.666225,2605.421111,590.235903,3274.382419,2373.051999,813.7726221,2992.105135,2491.101599,919.1062502,3249.611518,2605.466214,590.2793099,0.052701621,-0.000429923,0.003577929,0.052824685,0.043337436,0.02694444,-0.015168232,0.053237313,0.05470692,-0.04510264,-0.043406858,0.083133932
-16.2,-73.1,19.7,51.1,97.3,200.3,0,2674.329069,3125.76088,307.298337,2413.792492,3305.395839,374.81727,2737.407572,3358.741287,92.113581,2674.411741,3125.791926,307.2735357,2413.835466,3305.351192,374.8719243,2737.406841,3358.846155,92.10688052,-0.082672431,-0.031046284,0.024801274,0.091726255,-0.042973571,0.044646515,-0.054654348,0.08262649,0.000730743,-0.104867826,0.00670048,0.105084211
-20.4,-71.1,23.6,51.2,93.9,168.9,0,2847.14661,3011.822375,60.240769,2539.405637,3091.435379,120.79403,2862.879497,3307.762932,-69.151795,2847.222509,3011.807652,60.16094465,2539.469096,3091.347832,120.7610714,2862.871997,3307.784395,-69.19263859,-0.075898537,0.014722788,0.07982435,0.111127293,-0.063459283,0.087546601,0.032958633,0.113038752,0.007499708,-0.021462793,0.040843594,0.046745013
-15.1,-46.1,17.4,53.1,80.4,197.7,0,3679.671713,2340.4358,108.760819,3459.424675,2571.87152,160.056756,3748.243246,2511.548655,-156.930119,3679.545395,2340.404934,108.8155533,3459.301623,2571.857432,160.1383002,3748.079681,2511.570475,-156.8624357,0.126317602,0.030866094,-0.054734336,0.141084017,0.123051577,0.014087584,-0.081544152,0.148288905,0.163565141,-0.021819954,-0.067683336,0.178355543
-25.1,-120.5,70.9,54.2,95.4,171.5,0,1723.781603,2964.576465,394.975963,1419.352567,3046.69015,467.722661,1732.511621,3255.135991,253.288151,1723.939394,2964.595133,395.0786405,1419.492994,3046.567738,467.905541,1732.531916,3255.176351,253.4174745,-0.157791305,-0.01866844,-0.102677529,0.189180552,-0.140426838,0.122412254,-0.182880048,0.261054724,-0.020295193,-0.040360321,-0.129323514,0.13698694
-10.2,-100,83.2,55.1,61.2,137.1,0,2816.846783,2545.07555,477.636908,2496.59307,2548.745578,523.893487,2769.619206,2843.517058,362.39044,2816.852907,2545.227415,477.5466865,2496.610511,2548.86393,523.8357318,2769.594358,2843.682092,362.3477894,-0.006124051,-0.15186534,0.090221461,0.176749816,-0.017440526,-0.118351633,0.057755166,0.132841786,0.024848156,-0.165033573,0.042650581,0.172257317
-12.4,-87.9,84.6,56.7,62.5,220.8,0,3050.782627,2035.864412,352.564196,2973.479364,2349.532066,334.027682,3054.233679,2052.334415,29.628766,3050.765194,2036.013361,352.5273664,2973.530711,2349.70673,334.0217494,3054.202527,2052.513949,29.5804749,0.017432508,-0.148948695,0.036829599,0.154421584,-0.051347464,-0.174663712,0.005932576,0.182151502,0.031152055,-0.179533751,0.048291095,0.188506891
-27.5,-76.1,32.9,59.3,96.1,157.7,0,2682.607843,3005.530147,-96.049307,2366.349856,3065.029873,-61.934829,2691.088268,3304.382037,-219.272018,2682.687434,3005.510141,-96.1529284,2366.436678,3064.928562,-62.00664515,2691.108726,3304.377553,-219.3874379,-0.079591422,0.020005663,0.103621395,0.132183261,-0.086821936,0.10131108,0.071816149,0.151524067,-0.020457664,0.004484119,0.115419915,0.117304646
-18.5,-67.3,62,61.7,79.7,213,0,3239.57246,1998.923281,148.025292,3169.682644,2312.206988,107.064878,3313.336739,2008.983394,-166.680943,3239.551839,1999.052547,147.9995042,3169.730317,2312.357122,107.0551063,3313.311385,2009.112112,-166.7024291,0.020621421,-0.129265717,0.025787799,0.133416188,-0.047673191,-0.150133597,0.009771658,0.157823684,0.025353517,-0.128717895,0.021486068,0.13293889
-16.6,-110.1,101.5,62.3,56.7,268.7,0,2682.049623,2311.380954,241.248941,2653.288957,2568.360612,46.694013,2522.693418,2157.53358,5.619545,2681.997363,2311.422046,241.2425555,2653.253587,2568.41147,46.71493229,2522.587917,2157.613143,5.636112229,0.052259736,-0.041092268,0.006385507,0.066786445,0.035369822,-0.050857795,-0.020919295,0.065384682,0.105500863,-0.079562641,-0.016567229,0.133173266
3.9,-30,30.2,64.1,51,187.2,0,4184.490524,1396.311641,1231.307113,3980.359833,1647.343047,1229.908705,4268.689674,1506.414127,939.188326,4184.384916,1396.237987,1231.259386,3980.285234,1647.3426,1229.874902,4268.627929,1506.457891,939.140041,0.105607952,0.073654152,0.047726921,0.137316541,0.074598526,0.000447081,0.03380343,0.081901232,0.061745321,-0.043764288,0.048284998,0.089773262
21.5,-71.5,86.2,65.6,9.7,145.9,0,3524.142553,1656.144532,1611.025822,3234.06138,1738.236317,1728.64843,3485.378474,1918.01554,1425.256805,3524.112675,1656.075063,1610.975164,3234.037017,1738.128887,1728.595627,3485.370878,1917.986035,1425.283214,0.029878245,0.069468547,0.050657907,0.091020943,0.024363098,0.107429526,0.052802867,0.122158939,0.007596213,0.029505372,-0.026408803,0.0403199
56.2,-75.2,116.4,66.8,-56.1,276.8,0,2555.339788,1286.651708,1970.849554,2390.822959,1544.180437,1864.380547,2345.375581,1120.026055,1789.928402,2555.357511,1286.845875,1970.99667,2390.802109,1544.361127,1864.607881,2345.433433,1120.21819,1790.03674,-0.017722719,-0.194167441,-0.147115956,0.24425027,0.020850394,-0.180690404,-0.227333852,0.291143334,-0.057852399,-0.192135428,-0.108337968,0.228035168
61.5,-76,115.6,67.5,-66.9,170.4,0,2400.210946,1520.041998,2021.393349,2180.735888,1540.517807,2258.309758,2199.688882,1719.329095,1864.357783,2400.125428,1520.173614,2021.538391,2180.650754,1540.503493,2258.452428,2199.537687,1719.434418,1864.569958,0.085518014,-0.131616243,-0.145041554,0.213712934,0.085134178,0.014313682,-0.142669957,0.166755589,0.151194781,-0.105323002,-0.21217502,0.281017857
-16.2,-108.3,99.8,67.5,70,121,0,2497.988326,2320.260561,493.182727,2174.483523,2319.336436,485.531373,2466.647327,2613.414228,360.29609,2498.051556,2320.322728,493.1224955,2174.552985,2319.386604,485.4658588,2466.693472,2613.491223,360.2762412,-0.06323036,-0.062166937,0.060231483,0.107194393,-0.069462191,-0.05016786,0.065514222,0.107860667,-0.046145297,-0.076994724,0.019848779,0.091932312
68.7,-75.8,111.2,69.9,-63.3,222,0,2149.050501,1572.872582,2401.354449,1926.824288,1795.790511,2476.410654,1998.334626,1567.791639,2115.272117,2148.92197,1572.793276,2401.335315,1926.633258,1795.634513,2476.437265,1998.222086,1567.738311,2115.252344,0.128531181,0.079305928,0.019133919,0.152236006,0.191029667,0.155997598,-0.026610547,0.248063914,0.112540034,0.053328298,0.019773074,0.126095762
-43.5,-123.5,114.8,70.8,87.7,219,0,1977.754158,2145.345402,-123.498981,1888.411221,2448.030457,-194.948556,1945.830348,2096.798651,-441.614285,1977.791815,2145.401612,-123.2575247,1888.465971,2448.088748,-194.756486,1945.803706,2096.787604,-441.3648735,-0.037656833,-0.056209578,-0.241456286,0.25075624,-0.05475043,-0.058290633,-0.192070026,0.208053605,0.026641903,0.011047217,-0.24941145,0.251073502
-21.4,-33.6,10,74.1,88.7,200.8,0,3622.615527,2247.093661,-26.480828,3427.875707,2498.000197,-88.357197,3745.599823,2314.020079,-317.985745,3622.435356,2247.088566,-26.51154557,3427.665088,2497.990676,-88.3516351,3745.397347,2314.086371,-318.0095754,0.180171035,0.00509493,0.030717565,0.182841814,0.210618538,0.00952072,-0.005561899,0.210906964,0.202475919,-0.066291632,0.023830439,0.214380428
-35.3,-111.8,101.1,74.2,77.6,163.9,0,2357.99498,2463.457506,-117.079765,2086.795786,2629.598256,-57.477352,2360.884077,2632.605951,-392.680472,2357.995001,2463.399069,-117.1701413,2086.804922,2629.552489,-57.50595755,2360.839648,2632.536304,-392.7847618,-2.14E-05,0.058436781,0.090376262,0.107623076,-0.009135799,0.045767321,0.028605548,0.054739272,0.044429021,0.069646742,0.104289799,0.133044988
-41.7,-82.7,57.1,74.5,91.2,150.6,0,2600.400422,2902.165853,-575.931519,2288.804183,2971.871895,-523.37869,2587.445634,3153.557796,-778.90274,2600.297244,2901.891322,-576.1534244,2288.705904,2971.570514,-523.5552867,2587.306951,3153.286066,-779.1586487,0.103178211,0.274531212,0.221905387,0.367770486,0.098278738,0.301381481,0.176596656,0.362871722,0.138683186,0.271729534,0.255908666,0.398194941
-45,-80.7,118.1,74.5,87.8,190.6,0,2301.473077,1243.915355,-466.848954,2278.214951,1523.034957,-628.905964,2285.979115,1110.752822,-761.145328,2301.603901,1244.1687,-466.7229736,2278.358049,1523.186903,-628.9550344,2286.082358,1110.829893,-760.9318247,-0.130824089,-0.253345336,-0.125980388,0.311720804,-0.143098493,-0.151946223,0.049070357,0.214412531,-0.103242753,-0.077070938,-0.21350326,0.249364467
-15.3,-41.7,42.3,75.6,72.8,127,0,3841.207626,1753.148313,243.404842,3525.076726,1815.929428,214.556616,3875.140906,2005.775403,44.440708,3841.044935,1753.122628,243.4171817,3524.929252,1815.944713,214.5088813,3875.012673,2005.788321,44.45507061,0.162690698,0.025685306,-0.012339711,0.16516739,0.147473567,-0.015284956,0.047734679,0.155758411,0.128232854,-0.012917946,-0.014362611,0.129679693
-9.4,-111.5,114.2,79.3,42.4,259,0,2784.467443,2176.971858,444.171173,2731.039296,2391.474238,207.839163,2621.8143,1974.703874,251.275043,2784.378163,2176.858003,444.1839487,2730.988901,2391.364146,207.8633755,2621.687869,1974.610112,251.2929165,0.089280021,0.113854669,-0.012775684,0.145248153,0.050395257,0.110092161,-0.024212484,0.123475545,0.126431458,0.093761618,-0.017873461,0.158415956
64.5,-55.2,90.1,79.5,-62.1,206.7,0,2514.609405,1206.475798,2555.371587,2329.678087,1427.296618,2702.828386,2330.784908,1273.731649,2297.9416,2514.610229,1206.535093,2555.246366,2329.639681,1427.273843,2702.797181,2330.746314,1273.829417,2297.864819,-0.000823802,-0.059294874,0.125221287,0.138552992,0.0384057,0.022774998,0.031205233,0.054474442,0.038594466,-0.097767786,0.076780884,0.130166728
-6.1,-15.3,22.2,80.5,63.9,148.8,0,4213.54565,1069.612751,751.839587,3938.721054,1236.243366,714.281819,4307.582788,1230.339102,487.520587,4213.516833,1069.622176,751.8569879,3938.699507,1236.272834,714.2418,4307.595111,1230.4285,487.5275854,0.0288169,-0.009424972,-0.017400943,0.03495764,0.021547036,-0.029468348,0.040019014,0.05416807,-0.012323224,-0.089397626,-0.006998389,0.090513949
65.6,-64,101.3,81,-70,151,0,2382.101188,1321.286634,2226.257126,2188.884302,1309.273102,2485.560321,2193.917649,1569.603919,2139.524067,2382.113022,1321.561879,2226.33768,2188.915448,1309.381614,2485.638962,2193.835619,1569.806997,2139.70395,-0.011834216,-0.275245357,-0.080553783,0.287034784,-0.03114567,-0.108512202,-0.078641374,0.137584216,0.082030491,-0.203078139,-0.179883483,0.283421593
58.3,-34.4,58.1,81.4,-66.2,115.8,0,3042.271862,1258.724295,2608.060017,2858.732195,1143.707653,2848.490313,2847.983521,1516.427268,2628.320149,3042.204567,1258.801156,2608.086754,2858.713688,1143.679247,2848.480097,2847.847009,1516.466946,2628.414763,0.067295098,-0.076861392,-0.026736748,0.105599041,0.018507311,0.028406428,0.010216339,0.035409311,0.136512097,-0.039677656,-0.094614092,0.170767958
60.3,-89.8,114,84.6,-53,125,0,2353.234748,1665.990135,1963.111599,2112.457289,1627.421764,2175.840206,2202.077818,1943.28584,1893.490717,2353.200241,1666.079131,1963.213871,2112.423339,1627.398865,2175.913081,2201.999931,1943.352408,1893.661805,0.034507331,-0.088995682,-0.102271525,0.139894432,0.033950012,0.022898895,-0.072874544,0.083592235,0.077886551,-0.066567587,-0.171087914,0.199420743
-38.3,-59.7,77.5,85.2,91.8,188.1,0,3009.665454,1785.787162,-665.440285,2887.801313,2049.368195,-808.205542,3071.139699,1691.330482,-968.551685,3009.472696,1785.683405,-665.5024126,2887.658594,2049.228589,-808.3876673,3070.963926,1691.099959,-968.5734084,0.192757818,0.103756526,0.062127636,0.227554029,0.142718606,0.139605608,0.182125263,0.270236818,0.175773314,0.230523411,0.021723382,0.290704673
9.4,-76.5,94.3,85.4,21.7,92,0,3519.632384,1612.43981,1086.594267,3205.78059,1574.108331,1155.45119,3431.00422,1913.429973,1008.326814,3519.558792,1612.431488,1086.671878,3205.693583,1574.124766,1155.467132,3430.977115,1913.441058,1008.398773,0.073591802,0.008321682,-0.077611466,0.107277879,0.087006594,-0.016435059,-0.015942367,0.089968982,0.027104722,-0.011085293,-0.071958809,0.077689252
-2.1,-40.3,55.5,88.4,50.2,226.8,0,4087.90354,1391.603269,887.501112,4071.88976,1648.47467,691.39044,4032.513244,1223.748626,616.696406,4087.760183,1391.538585,887.5465111,4071.851074,1648.433727,691.4261331,4032.379094,1223.724615,616.7133636,0.14335733,0.064684209,-0.04539905,0.163696196,0.038686023,0.040942786,-0.035693098,0.066685211,0.134150446,0.024011306,-0.016957636,0.137333341
36.5,-73.2,86.1,89.4,-22.5,99.6,0,3356.334239,1873.895332,1841.851597,3086.7175,1807.836368,2008.152687,3214.353633,2159.889209,1790.700212,3356.259291,1873.85252,1841.866165,3086.630608,1807.790608,2008.139895,3214.283006,2159.878028,1790.754322,0.074948461,0.042812092,-0.014567932,0.087534974,0.086892029,0.04575982,0.012792243,0.099034475,0.070627144,0.011181332,-0.054109697,0.089672041
86,-80.8,111.3,89.5,-88.9,212.5,0,1501.115303,1727.234247,2163.078146,1302.942171,1948.620737,2291.281746,1283.775039,1720.477413,1923.715268,1500.976215,1727.200536,2163.231218,1302.712506,1948.470219,2291.457764,1283.672035,1720.424668,1923.831967,0.139088181,0.033711252,-0.153072289,0.209554518,0.22966477,0.150518043,-0.176018295,0.326165645,0.103003832,0.052744814,-0.116699322,0.164348826
-3.3,-88.7,108.6,90.6,39.2,215.1,0,3186.582535,1667.984166,669.769335,3126.232507,1950.646117,524.265795,3092.443663,1541.151749,387.560049,3186.524082,1668.008916,669.8317226,3126.247998,1950.685925,524.3266221,3092.371854,1541.190662,387.6413125,0.058452949,-0.024749842,-0.062387581,0.089002877,-0.015490609,-0.039808126,-0.060827095,0.074327528,0.071809219,-0.038913114,-0.081263478,0.115215222
45.5,-63.4,78.1,90.7,-28.8,228.7,0,3217.775018,1700.872522,2349.46506,3094.116074,1986.389632,2260.595385,3039.41927,1585.819735,2105.460632,3217.743137,1700.880948,2349.327696,3094.106217,1986.434507,2260.530002,3039.365991,1585.896306,2105.319035,0.031880801,-0.008425581,0.137363534,0.141266119,0.009856671,-0.04487516,0.065383373,0.079911948,0.053279109,-0.076571178,0.141596677,0.16956246
-5.7,-78.6,95.2,90.9,44.7,150.5,0,3428.561565,1816.961085,610.753737,3181.668142,2023.661399,642.863095,3439.119986,1929.333687,307.702627,3428.455718,1816.884427,610.7864281,3181.575413,2023.600171,642.8825322,3439.06123,1929.270574,307.7422286,0.105846645,0.076658094,-0.032691093,0.134717049,0.092729256,0.061227694,-0.019437223,0.112806698,0.058755587,0.063113455,-0.039601557,0.094888411
-31,-3.5,14.7,92.9,100,201.6,0,3563.863084,1048.075704,-594.107138,3488.824481,1280.33291,-806.429356,3688.839016,898.998896,-852.467584,3563.766096,1047.828765,-594.0373636,3488.693781,1280.134106,-806.4274787,3688.785085,898.865222,-852.4168128,0.096987835,0.24693933,-0.069774381,0.274324875,0.130699557,0.19880416,-0.00187733,0.237926444,0.053931304,0.133674004,-0.050771224,0.152823566
-7.4,-41,61.5,93.6,55.9,71.7,0,4020.536174,1317.80321,602.454206,3710.965639,1227.01743,577.137705,3914.342669,1595.441376,475.049021,4020.249621,1317.828991,602.5465802,3710.692397,1227.052042,577.1366891,3914.133391,1595.44477,475.0760009,0.286553396,-0.025781412,-0.092374249,0.302176326,0.273242121,-0.03461209,0.001015941,0.27542746,0.209278393,-0.003393774,-0.026979899,0.211037624
89.5,-121.7,113.7,97.8,-84.3,169.4,0,1343.223386,2420.592771,1583.830667,1152.083314,2656.269552,1696.251854,1168.957921,2454.389214,1313.503661,1343.196004,2420.522398,1583.867708,1151.983659,2656.141451,1696.261393,1169.01043,2454.337395,1313.507182,0.027382256,0.070372811,-0.037041239,0.084108108,0.099654786,0.128100651,-0.009538941,0.162578734,-0.052509176,0.051818915,-0.003521233,0.073856703
90,-80.7,95.8,98.6,-76.2,154.7,0,1293.180048,1859.292095,2646.72026,1068.987837,1991.376363,2839.060857,1165.703322,2053.246615,2421.563001,1293.065473,1859.024663,2646.389086,1068.803091,1990.93356,2838.787947,1165.520068,2053.039104,2421.289476,0.11457512,0.267432234,0.331174346,0.440821852,0.184745522,0.442803478,0.272910379,0.551983607,0.183254128,0.20751071,0.273524853,0.389176843
73.8,-61.1,60.4,99.7,-75.3,215.1,0,2131.997367,2196.868581,2733.682995,1969.078079,2474.674068,2702.028486,1900.432982,2078.373785,2541.566136,2131.7809,2196.726338,2733.693247,1968.849982,2474.509795,2702.052668,1900.217222,2078.213304,2541.567754,0.216467253,0.142242996,-0.010252372,0.2592224,0.228096681,0.164273126,-0.024181509,0.282132063,0.215760161,0.160480598,-0.001617933,0.26890349
0.5,-83.9,109,99.9,34.3,245.2,0,3281.069417,1516.951884,777.586903,3272.13104,1701.024434,511.580313,3073.009983,1330.54824,614.653202,3281.011121,1516.972849,777.6673908,3272.160675,1701.01319,511.6568083,3072.918778,1330.614684,614.7327015,0.058296104,-0.020964707,-0.080487806,0.101568901,-0.029634961,0.011243601,-0.076495304,0.08280206,0.091205341,-0.066443501,-0.079499452,0.138033749
2.1,-95.5,110.4,100.4,35.9,210.3,0,3089.844937,2001.74526,891.429656,2993.745662,2261.468477,724.030689,3015.753413,1841.592167,620.418318,3089.812707,2001.664278,891.3906556,2993.783078,2261.407795,723.9903786,3015.709143,1841.523781,620.3875208,0.032230276,0.080982061,0.039000353,0.095487761,-0.037415614,0.060681949,0.040310408,0.081897229,0.044269929,0.068385775,0.030797185,0.087091374
60.7,-38.6,40.1,103.1,-66.5,133.8,0,2920.694253,1702.958691,2746.590312,2761.082787,1821.440904,3001.944399,2740.761003,1913.122137,2579.227739,2920.648834,1702.972241,2746.425418,2761.053148,1821.398727,3001.798332,2740.665394,1913.178443,2579.095236,0.045419235,-0.013550015,0.164893696,0.171570513,0.029638753,0.042176823,0.146066564,0.154896034,0.09560892,-0.056305796,0.132502885,0.172824833
41.7,-94.8,105.5,105,-30,140.2,0,2808.143459,1874.625599,1629.559083,2604.859851,2045.274261,1814.690116,2695.322122,2062.24927,1391.544826,2808.152032,1874.717401,1629.594027,2604.878148,2045.33007,1814.747366,2695.324028,2062.369815,1391.61039,-0.008573022,-0.091801616,-0.034943653,0.098600671,-0.018297043,-0.055808768,-0.057249631,0.082017807,-0.001906236,-0.120544696,-0.065564013,0.137234461
40.7,-41,50.3,105.3,-34.5,107,0,3746.410466,1444.507383,2252.356184,3517.500784,1478.122729,2478.599229,3625.480821,1721.306263,2136.965261,3746.392053,1444.401083,2252.2855,3517.491467,1478.000478,2478.529077,3625.45756,1721.258403,2136.93609,0.018412657,0.106300479,0.070684205,0.128977031,0.00931668,0.122250663,0.070152079,0.14125629,0.023260576,0.047860028,0.029171204,0.060684395
81.5,-57.1,69.5,106.5,-78.3,179,0,1711.307838,1573.406762,2901.796905,1577.408149,1818.763121,3064.843969,1530.699368,1682.177088,2656.582291,1711.264708,1573.423057,2901.537232,1577.295392,1818.686584,3064.660563,1530.621222,1682.207618,2656.357157,0.043129594,-0.016295242,0.259672925,0.263734194,0.112756546,0.07653677,0.183405637,0.228494077,0.078145946,-0.030529668,0.225134305,0.240258829
54.8,-93.9,109.1,108,-41.2,177.6,0,2402.195078,1610.782287,1941.469964,2277.060762,1892.229731,2040.650924,2267.904925,1689.630647,1658.050282,2402.249087,1610.866529,1941.498938,2277.114719,1892.297104,2040.74264,2267.964981,1689.784709,1658.092468,-0.054008844,-0.084242136,-0.028973589,0.104178508,-0.053957372,-0.067372823,-0.091716021,0.125945718,-0.060056265,-0.15406229,-0.04218642,0.170650632
12.1,-97.6,119.8,108.5,15.9,161.8,0,3020.576074,1561.701143,1005.565122,2855.289354,1838.201195,1036.278719,2956.725831,1597.889826,690.621541,3020.596969,1561.734882,1005.622546,2855.344807,1838.249151,1036.331913,2956.761548,1597.936851,690.6727023,-0.020895033,-0.033738573,-0.057423884,0.069802551,-0.055452825,-0.047956017,-0.053193829,0.090578026,-0.035717344,-0.047024679,-0.051161288,0.078131469
6.1,-33.2,60.1,108.6,52.6,169.9,0,3979.682547,1132.637051,1447.977704,3840.752482,1390.409126,1310.308468,4049.305794,1049.604868,1143.294806,3979.570816,1132.531711,1447.923906,3840.714615,1390.337078,1310.203043,4049.279072,1049.541723,1143.239837,0.111730978,0.105340077,0.053798446,0.162710222,0.037867228,0.072047752,0.1054248,0.133188566,0.026722391,0.063144888,0.054968868,0.087880257
-5.5,-14.7,42.8,111.5,74,165.4,0,4043.462897,1000.846886,823.575376,3877.749992,1205.277738,635.355196,4154.063564,884.98123,542.643375,4043.41644,1000.830068,823.4669928,3877.743197,1205.285287,635.1543352,4154.113706,885.0344706,542.5456229,0.046457134,0.016818274,0.10838323,0.119113576,0.006794882,-0.007549404,0.200860803,0.201117444,-0.05014202,-0.053240615,0.097752116,0.12208301
84,-74.2,60.9,115.4,-79.5,210.5,0,1492.266196,2384.91452,2751.910335,1407.2194,2680.341522,2650.900203,1268.040261,2285.250955,2541.264539,1492.040566,2384.664287,2751.791751,1407.002905,2680.103259,2650.818281,1267.85192,2284.983431,2541.12092,0.225629506,0.250233164,0.1185838,0.357193824,0.216494967,0.23826329,0.081922476,0.332190846,0.188341454,0.267524009,0.1436186,0.357306452
73.1,-108.5,90.5,115.4,-63.7,149.5,0,1738.451203,2678.799584,1963.738708,1554.879503,2931.188369,2049.26822,1621.946044,2737.48172,1667.833468,1738.30534,2678.626177,1963.74627,1554.703778,2930.987813,2049.274078,1621.857755,2737.339574,1667.82053,0.145863122,0.173407259,-0.007561956,0.226722983,0.175724796,0.200556301,-0.005857688,0.266713978,0.088288579,0.142146169,0.012937851,0.167832639
-6.9,-86.5,122.4,116.3,58.5,167.4,0,2990.930585,1611.097508,676.397339,2843.186071,1861.780608,534.798136,2986.791178,1484.125786,379.016577,2990.865593,1611.105179,676.3616514,2843.168483,1861.763097,534.703293,2986.771951,1484.07225,378.9984862,0.064992463,-0.007670939,0.035687641,0.074541742,0.017587881,0.017510697,0.094843004,0.098036491,0.019226956,0.053536279,0.018090757,0.059691578
72.8,-126.3,110.6,116.9,-69.6,162.3,0,1638.324933,2303.635367,1480.832259,1500.383579,2587.623905,1551.792694,1485.007028,2338.108543,1198.211845,1638.391001,2303.630679,1480.764505,1500.412681,2587.603457,1551.703778,1485.137535,2338.119727,1198.09326,-0.066067723,0.004687962,0.067754427,0.09475011,-0.029102091,0.020447993,0.088916469,0.095766333,-0.130506695,-0.011183536,0.118584623,0.176690073
65.3,-65.7,55.3,117.2,-70.6,126.6,0,2398.764316,2239.616046,2509.984838,2244.607397,2418.423477,2731.24045,2262.223244,2443.473833,2299.299493,2398.71873,2239.623524,2509.908111,2244.549962,2418.397345,2731.228863,2262.149833,2443.501038,2299.283706,0.0455856,-0.007478145,0.076727118,0.089560149,0.057434783,0.026132466,0.011587438,0.064155504,0.073411345,-0.027205327,0.015786562,0.079865956
-8.8,-53.5,110.3,117.3,69,47.4,0,3243.184082,833.569508,630.434299,2922.044388,795.7119,642.773787,3172.37419,1084.350476,438.93437,3243.139547,833.7828544,630.5202449,2922.001706,795.9557074,642.8027303,3172.379783,1084.463029,438.8647734,0.044534751,-0.213346444,-0.085945937,0.234279221,0.042681608,-0.243807378,-0.028943264,0.249201664,-0.005593491,-0.112552602,0.06959656,0.132450204
79.8,-116.2,106.7,117.6,-64.4,139.1,0,1452.593499,2228.701066,1989.447184,1255.181158,2451.733857,2115.896939,1386.416963,2377.361563,1710.014572,1452.572528,2228.540647,1989.27271,1255.090773,2451.518989,2115.734112,1386.446741,2377.281405,1709.839442,0.020970709,0.16041947,0.174474361,0.237940076,0.090385489,0.214868012,0.162827222,0.284342229,-0.029777811,0.08015773,0.175130087,0.194891065
35.4,-112.6,115.8,121.2,-26.4,66.1,0,2620.829566,1992.228889,1232.49145,2350.520747,1941.335363,1402.952011,2499.743281,2289.500814,1193.114327,2620.765752,1992.215745,1232.676211,2350.431105,1941.335513,1403.090778,2499.687115,2289.477719,1193.242324,0.06381449,0.013143925,-0.184760722,0.195912165,0.089642341,-0.000149648,-0.138766876,0.165202959,0.056165781,0.023094811,-0.127997289,0.141673114
72.4,-98.7,74.4,121.3,-77.8,132.6,0,1787.1179,2697.912356,1908.642673,1640.678007,2939.858046,2065.907816,1656.807029,2834.639412,1646.157056,1787.087604,2697.979933,1908.673499,1640.613585,2939.918433,2065.905979,1656.806618,2834.706934,1646.162693,0.030296106,-0.067576727,-0.030826025,0.080216656,0.064421621,-0.060387402,0.001836816,0.0883185,0.000411407,-0.067521872,-0.005636992,0.067758011
72.2,-120.3,107.9,122.1,-67.5,131.5,0,1642.490347,2183.37133,1664.10376,1470.740157,2403.132646,1828.148082,1551.934601,2355.138464,1405.525387,1642.534874,2183.383291,1664.048707,1470.719456,2403.109762,1828.093226,1552.019586,2355.205072,1405.468715,-0.044526563,-0.011961092,0.055053415,0.071809199,0.020701049,0.02288373,0.054856318,0.062939766,-0.084985187,-0.066607611,0.056671911,0.121945731
67.7,-95.2,83.9,124.5,-66,79.8,0,1964.528822,2297.854845,2115.315296,1710.065086,2332.054345,2312.261911,1897.45003,2602.749309,2030.94543,1964.514606,2297.961361,2115.395179,1710.00539,2332.121669,2312.293101,1897.408813,2602.858379,2031.04982,0.014215658,-0.106515688,-0.079882697,0.133898925,0.059695674,-0.067324316,-0.031189619,0.095230927,0.041217319,-0.109070374,-0.104389662,0.156500528
-2.3,10,23.4,125.6,76.5,170.5,0,4070.239506,493.050408,904.870366,3925.20156,656.969068,666.662864,4156.638495,290.948303,667.571191,4070.376697,492.9331124,904.8093205,3925.362115,656.9258263,666.5067199,4156.945654,291.0217594,667.4968354,-0.137191311,0.117295629,0.061045459,0.190542038,-0.160554985,0.043241697,0.156144105,0.228098069,-0.307159274,-0.073456441,0.074355631,0.324455588
60.3,-72.9,43,127.4,-73.6,104,0,2422.635599,2802.523491,2172.441344,2251.614484,2980.116113,2382.029853,2302.833506,3007.664728,1952.890791,2422.571965,2802.686419,2172.431991,2251.543928,2980.267232,2382.015876,2302.795507,3007.726488,1952.905606,0.063633622,-0.162928309,0.009352632,0.175163762,0.070555658,-0.15111939,0.013977078,0.167363465,0.037999192,-0.06176022,-0.014815187,0.074011844
37.4,-110.1,111,129.2,-26.2,119.4,0,2601.905739,2060.584096,1407.975013,2396.687929,2258.49489,1560.948928,2507.67579,2221.946274,1143.993576,2601.896278,2060.640976,1407.924218,2396.658962,2258.557607,1560.951899,2507.656786,2221.998823,1143.98823,0.00946092,-0.056880416,0.050795483,0.076844466,0.028967188,-0.062717433,-0.002971399,0.069147694,0.019003868,-0.052548895,0.005345776,0.056134754
72.6,-60.1,13.1,130,-91,207.7,0,1869.92112,2922.714244,2515.12736,1806.391881,3153.965306,2297.879481,1591.594953,2795.335268,2410.825353,1869.839958,2922.559851,2515.132295,1806.328708,3153.761628,2297.822821,1591.515958,2795.148461,2410.819202,0.081162463,0.154392558,-0.004935145,0.174495739,0.063172872,0.203678468,0.056659823,0.220649191,0.078994864,0.186807374,0.006151423,0.202916297
60.8,-80,17.7,132.8,-100,190.2,0,1933.423786,3301.497817,1460.909536,1851.378181,3547.18213,1266.918011,1645.662275,3181.698974,1374.744455,1933.651899,3301.498112,1461.1165,1851.612399,3547.054715,1266.996674,1645.915667,3181.622141,1374.995997,-0.228113425,-0.000295302,-0.206963699,0.308009407,-0.234217755,0.127414775,-0.078663229,0.277993499,-0.253392079,0.076832734,-0.251542188,0.365218137
16.3,-92.7,122.3,133.1,28.5,138.5,0,2942.751026,1561.791234,1350.383228,2753.654386,1823.001196,1323.552615,2924.676349,1557.220568,1027.526942,2942.819383,1561.743455,1350.297707,2753.73727,1822.968872,1323.453991,2924.766113,1557.176939,1027.447587,-0.068356886,0.047779007,0.085520599,0.119454051,-0.082883591,0.032324403,0.098623785,0.132820208,-0.089764229,0.043629296,0.079355215,0.127508362
44.7,-103.9,94.3,134.5,-44.2,212.1,0,2527.449562,2302.598002,1557.958724,2442.891316,2547.980226,1364.691512,2271.682356,2155.016692,1426.136511,2527.446622,2302.698224,1558.018675,2442.938606,2548.062774,1364.716156,2271.658561,2155.127134,1426.20614,0.002939963,-0.100222146,-0.059950623,0.116821228,-0.047289675,-0.082548457,-0.024644391,0.098274652,0.023795079,-0.11044225,-0.069629075,0.13270985
13.9,-67.6,93.4,135.7,23.9,61.7,0,3675.981532,1570.807807,1303.296101,3371.012935,1565.387708,1411.396653,3576.219893,1828.602188,1135.46581,3675.84253,1570.790767,1303.429279,3370.861012,1565.408408,1411.451013,3576.12321,1828.555148,1135.520358,0.139002286,0.017039562,-0.133178045,0.193257273,0.151922607,-0.020699704,-0.054359551,0.162677341,0.096683157,0.047039511,-0.054547776,0.12056454
16.2,-69.3,95.6,136.3,24.4,91.9,0,3576.508073,1574.820857,1440.451974,3292.082825,1700.120006,1530.569479,3531.766126,1752.015273,1173.681505,3576.400465,1574.814496,1440.485624,3291.973773,1700.130258,1530.534609,3531.713269,1751.99531,1173.672157,0.107608386,0.006361308,-0.033649722,0.112926236,0.109052003,-0.010251829,0.034869774,0.114949295,0.052856875,0.019962548,0.009347944,0.057268984
48.4,-127.2,100.8,136.4,-54,159.8,0,2035.560149,2631.795337,1158.119376,1907.371046,2927.506134,1129.254838,1859.712489,2566.689109,894.6501,2035.486824,2631.692003,1158.051769,1907.314583,2927.407068,1129.145141,1859.667364,2566.546624,894.569404,0.073324783,0.103333955,0.067606952,0.143614519,0.0564634,0.099065962,0.109696611,0.158226189,0.045125314,0.142484516,0.080696045,0.169852827
38,-115.7,116.5,139.8,-17.4,149,0,2425.628235,2079.661612,1564.578481,2275.902317,2366.279852,1552.123273,2338.097763,2058.417246,1253.994129,2425.594127,2079.578666,1564.53272,2275.873062,2366.178795,1552.074645,2338.09037,2058.35272,1253.933353,0.034108096,0.08294632,0.045761285,0.100685399,0.02925455,0.101057364,0.048627934,0.115901232,0.007393065,0.064526309,0.060775767,0.0889494
64.3,-128.4,97.5,140.3,-77,100.7,0,1557.344735,2366.168722,1300.473392,1391.072521,2581.954482,1475.130215,1517.739554,2579.872139,1061.045303,1557.523151,2366.28809,1300.346241,1391.168685,2582.054847,1474.936649,1517.93374,2579.989429,1060.880737,-0.178415599,-0.119368345,0.127151437,0.249496324,-0.096164054,-0.10036458,0.193565977,0.238303088,-0.194186071,-0.117289863,0.16456589,0.280262509
47.2,-67.9,45.2,143.4,-57.5,191.4,0,2941.796286,2512.094346,2179.898652,2878.38147,2786.555927,2020.661716,2695.087898,2394.479141,2007.004424,2941.760229,2512.135887,2179.849985,2878.402099,2786.606993,2020.592913,2695.024645,2394.554956,2007.003459,0.036056669,-0.041541257,0.048666548,0.073445165,-0.020628554,-0.051066081,0.068802597,0.088131035,0.06325349,-0.07581469,0.000964843,0.098741086
56.7,-123.2,64.1,148.6,-79.4,192.8,0,1509.135812,3313.116231,1037.85771,1450.914533,3502.293891,781.840904,1273.762472,3129.666888,913.29269,1509.137984,3312.970891,1037.756098,1450.975125,3502.032056,781.6625927,1273.796395,3129.447042,913.2069439,-0.002172466,0.145340293,0.101612011,0.177351406,-0.060591694,0.26183465,0.178311265,0.322526967,-0.033923074,0.219846488,0.085746062,0.238402266
56.1,-118.1,71.9,150.6,-70.7,120,0,1695.352187,3092.374721,1401.015,1550.838437,3380.461478,1429.902711,1622.227371,3124.917998,1087.672558,1695.315357,3092.251109,1400.903826,1550.755908,3380.314796,1429.76585,1622.245583,3124.771154,1087.562863,0.036830254,0.123612376,0.111173946,0.17028251,0.082528728,0.146681909,0.136861446,0.216927704,-0.018211574,0.14684392,0.109694501,0.184194684
47.9,-73.3,11.4,152.7,-92.1,154.7,0,2290.130991,3277.470857,1611.864011,2242.264486,3579.29162,1505.43626,2078.369283,3198.415648,1380.60547,2290.222803,3277.602246,1611.870843,2242.33327,3579.385586,1505.359335,2078.488568,3198.455141,1380.605099,-0.091812178,-0.131389097,-0.006832151,0.160434563,-0.068783607,-0.093965643,0.07692453,0.139563999,-0.119284835,-0.039493101,0.000371317,0.125653153
21.5,-83.5,120.7,153,33.8,138.4,0,3007.845292,1430.385752,1551.926256,2857.464161,1701.254444,1458.498922,2964.891388,1340.593296,1244.230698,3007.891574,1430.332548,1551.822604,2857.530272,1701.202161,1458.374865,2964.959605,1340.542674,1244.131648,-0.046282114,0.053204373,0.103652388,0.125365693,-0.066111214,0.052283434,0.124056834,0.149981159,-0.06821716,0.0506224,0.099050358,0.130488243
21.9,-102.2,123.2,157.7,16.7,109.3,0,2871.867436,1828.002945,1312.960231,2647.977165,2059.786206,1342.277492,2810.353917,1855.566615,996.670103,2871.889073,1827.965085,1312.934929,2647.995544,2059.75177,1342.224088,2810.380579,1855.489233,996.6467766,-0.021636977,0.03786043,0.025301586,0.050415684,-0.018379384,0.034436316,0.05340408,0.066148752,-0.026662225,0.07738246,0.023326371,0.085106045
12.6,-49.9,120.3,161.6,80.9,178.5,0,3186.426263,908.214802,1144.78501,3093.345435,1026.122483,858.167623,3065.011058,630.506165,1031.967766,3186.449548,908.266837,1144.649747,3093.390949,1026.072091,857.9917541,3065.036906,630.5317227,1031.947258,-0.023284966,-0.05203495,0.135262605,0.14678487,-0.045514234,0.050392128,0.175868892,0.188522622,-0.025847526,-0.025557657,0.020508436,0.041735888
44.5,-100.6,51.1,161.7,-79.7,171.4,0,2036.650932,3102.621342,1416.925243,2019.300397,3373.667463,1241.008721,1810.028974,2995.625565,1212.550314,2036.669163,3102.82884,1416.896284,2019.32065,3373.817599,1240.898707,1810.062049,2995.767124,1212.528223,-0.018231289,-0.207497691,0.028958572,0.210300429,-0.020252917,-0.150136353,0.110014271,0.187227788,-0.033074965,-0.14155924,0.022090658,0.147040705
14.1,-28.9,88.5,161.7,71,138,0,3738.215804,662.022387,1353.896481,3549.577881,870.639574,1193.920294,3691.164483,473.433733,1095.410781,3738.23342,661.9633016,1353.753988,3549.59292,870.5666637,1193.719625,3691.212674,473.3565732,1095.304829,-0.01761599,0.059085399,0.142492789,0.15525979,-0.015039303,0.072910256,0.200668727,0.214032764,-0.048190628,0.077159773,0.105951543,0.139648475
26.9,-75.2,99.8,166.3,11.1,167.7,0,3312.200358,1524.223943,1751.19992,3252.57769,1773.223785,1553.299629,3144.486131,1354.401453,1532.986556,3312.233729,1524.183791,1751.101655,3252.656135,1773.175067,1553.199803,3144.491474,1354.359638,1532.923053,-0.033370772,0.040152173,0.098264511,0.111273175,-0.078444611,0.048717792,0.09982568,0.135985832,-0.005342814,0.041815415,0.063502701,0.076221176
33.7,-98.4,39.1,167.7,-93.4,177,0,2027.624608,3156.029191,1007.137806,2012.354671,3405.059692,801.066759,1752.897021,3064.012789,863.471164,2027.796843,3156.234969,1007.147514,2012.502127,3405.191259,800.9977092,1753.081643,3064.150156,863.5118757,-0.172235143,-0.205777693,-0.009707669,0.268521214,-0.147456162,-0.131566584,0.06904984,0.209334579,-0.184621821,-0.137367445,-0.040711703,0.23369312
31.5,-53.4,38.9,171.1,-46.7,131.9,0,3578.352626,1978.904432,2016.536089,3542.128329,2299.571612,1992.783095,3442.382166,1975.735454,1723.153154,3578.350436,1978.881374,2016.49521,3542.188129,2299.56945,1992.761847,3442.36716,1975.783368,1723.103718,0.002190206,0.023058119,0.040879279,0.04698499,-0.059799585,0.002161922,0.021247821,0.063499088,0.015005745,-0.047913553,0.049435753,0.070461157
31.6,-121,55,173.5,-82.5,180.5,0,1574.209599,3412.000899,789.811664,1519.085855,3598.74909,531.34972,1336.11715,3230.603685,667.379986,1574.071027,3411.884139,789.7027927,1518.953908,3598.511408,531.162261,1336.009405,3230.405701,667.3443846,0.138571936,0.116759556,0.108871256,0.211395189,0.131946592,0.237681701,0.187459039,0.330217179,0.107745066,0.197984462,0.035601377,0.22819795
27.4,-66,78.1,174.7,-5,115.9,0,3586.996569,1709.62023,1848.732139,3458.294437,2005.945847,1830.566688,3495.569196,1687.664452,1539.314148,3587.00971,1709.557805,1848.643649,3458.356831,2005.918582,1830.466482,3495.565665,1687.619845,1539.231268,-0.013140534,0.062424814,0.088490146,0.10908729,-0.062394282,0.027264963,0.100205655,0.121151137,0.003530907,0.044606836,0.082879555,0.094187354
27.1,-101.1,105.1,175,-11.1,139,0,2887.270967,2076.972388,1452.604275,2792.70273,2365.379363,1340.389812,2748.469888,1964.362614,1183.105745,2887.31486,2076.945943,1452.572751,2792.780365,2365.35351,1340.342527,2748.496628,1964.323682,1183.082424,-0.04389341,0.026445433,0.031524454,0.060164637,-0.077635262,0.02585255,0.047285055,0.094506427,-0.026739788,0.038932147,0.023321425,0.052674635
